Group,Conversion Rate,P-Value
Control,0.025546559636683747,1.9989623063390075e-13
Test,0.01785410644448223,1.9989623063390075e-13
